epoch_no,val_loss,val_amp_prediction_loss,val_mic_prediction_loss,val_vae_loss_1_loss,val_mic_mean_grad_loss,val_amp_mean_grad_loss,val_unconstrained_sleep_mic_output_grad_input_loss,val_unconstrained_sleep_amp_output_grad_input_loss,val_correction_sleep_mic_output_grad_loss,val_correction_sleep_amp_output_grad_loss,val_correction_sleep_amp_prediction_loss,val_correction_sleep_mic_prediction_loss,val_unconstrained_sleep_amp_prediction_loss,val_unconstrained_sleep_mic_prediction_loss,val_z_cond_reconstructed_error_loss,val_correction_sleep_cond_reconstructed_error_loss,val_unconstrained_sleep_cond_reconstructed_error_loss,val_amp_prediction_acc,val_amp_prediction_binary_crossentropy,val_mic_prediction_acc,val_mic_prediction_binary_crossentropy,val_vae_loss_1__kl_metric,val_vae_loss_1__rcl,val_vae_loss_1__reconstruction_acc,val_vae_loss_1__amino_acc,val_vae_loss_1__empty_acc,val_mic_mean_grad_mse,val_mic_mean_grad_huber_loss,val_amp_mean_grad_mse,val_amp_mean_grad_huber_loss,val_unconstrained_sleep_mic_output_grad_input_mse,val_unconstrained_sleep_mic_output_grad_input_huber_loss,val_unconstrained_sleep_amp_output_grad_input_mse,val_unconstrained_sleep_amp_output_grad_input_huber_loss,val_correction_sleep_mic_output_grad_mse,val_correction_sleep_mic_output_grad_huber_loss,val_correction_sleep_amp_output_grad_mse,val_correction_sleep_amp_output_grad_huber_loss,val_correction_sleep_amp_prediction_acc,val_correction_sleep_amp_prediction_binary_crossentropy,val_correction_sleep_mic_prediction_acc,val_correction_sleep_mic_prediction_binary_crossentropy,val_unconstrained_sleep_amp_prediction_acc,val_unconstrained_sleep_amp_prediction_binary_crossentropy,val_unconstrained_sleep_mic_prediction_acc,val_unconstrained_sleep_mic_prediction_binary_crossentropy,val_z_cond_reconstructed_error_mse,val_z_cond_reconstructed_error_mae,val_correction_sleep_cond_reconstructed_error_mse,val_correction_sleep_cond_reconstructed_error_mae,val_unconstrained_sleep_cond_reconstructed_error_mse,val_unconstrained_sleep_cond_reconstructed_error_mae,loss,amp_prediction_loss,mic_prediction_loss,vae_loss_1_loss,mic_mean_grad_loss,amp_mean_grad_loss,unconstrained_sleep_mic_output_grad_input_loss,unconstrained_sleep_amp_output_grad_input_loss,correction_sleep_mic_output_grad_loss,correction_sleep_amp_output_grad_loss,correction_sleep_amp_prediction_loss,correction_sleep_mic_prediction_loss,unconstrained_sleep_amp_prediction_loss,unconstrained_sleep_mic_prediction_loss,z_cond_reconstructed_error_loss,correction_sleep_cond_reconstructed_error_loss,unconstrained_sleep_cond_reconstructed_error_loss,amp_prediction_acc,amp_prediction_binary_crossentropy,mic_prediction_acc,mic_prediction_binary_crossentropy,vae_loss_1__kl_metric,vae_loss_1__rcl,vae_loss_1__reconstruction_acc,vae_loss_1__amino_acc,vae_loss_1__empty_acc,mic_mean_grad_mse,mic_mean_grad_huber_loss,amp_mean_grad_mse,amp_mean_grad_huber_loss,unconstrained_sleep_mic_output_grad_input_mse,unconstrained_sleep_mic_output_grad_input_huber_loss,unconstrained_sleep_amp_output_grad_input_mse,unconstrained_sleep_amp_output_grad_input_huber_loss,correction_sleep_mic_output_grad_mse,correction_sleep_mic_output_grad_huber_loss,correction_sleep_amp_output_grad_mse,correction_sleep_amp_output_grad_huber_loss,correction_sleep_amp_prediction_acc,correction_sleep_amp_prediction_binary_crossentropy,correction_sleep_mic_prediction_acc,correction_sleep_mic_prediction_binary_crossentropy,unconstrained_sleep_amp_prediction_acc,unconstrained_sleep_amp_prediction_binary_crossentropy,unconstrained_sleep_mic_prediction_acc,unconstrained_sleep_mic_prediction_binary_crossentropy,z_cond_reconstructed_error_mse,z_cond_reconstructed_error_mae,correction_sleep_cond_reconstructed_error_mse,correction_sleep_cond_reconstructed_error_mae,unconstrained_sleep_cond_reconstructed_error_mse,unconstrained_sleep_cond_reconstructed_error_mae
0,104.36577606201172,0.7656001448631287,1.918084740638733,107.16220092773438,0.0006765932776033878,0.016046764329075813,0.002565342001616955,0.039458271116018295,0.0007701441063545644,0.013836481608450413,0.8903667330741882,1.397499442100525,0.5349289774894714,1.4625320434570312,0.16095739603042603,0.17172090709209442,1.3087451457977295,8.877841173671186e-05,0.7819499373435974,0.0,1.939927577972412,413.1659851074219,1.672218918800354,0.4879452586174011,0.24417449533939362,0.9979217052459717,0.0013798861764371395,0.0006765932776033878,0.05369110405445099,0.016046764329075813,0.005539772566407919,0.002565342001616955,0.15083768963813782,0.039458271116018295,0.0015751924365758896,0.0007701441063545644,0.04591461643576622,0.013836481608450413,0.8225319385528564,0.904302179813385,0.5050307512283325,1.4197217226028442,0.7090139389038086,0.5770474076271057,0.49631568789482117,1.4848506450653076,0.16095739603042603,0.3023396134376526,0.17172089219093323,0.31070882081985474,1.308746099472046,0.9084303975105286,123.31651233543049,0.74971807,1.7546697,122.73178,7.418003e-05,0.0051166336,0.0009229634,0.041126397,8.922838e-05,0.005186479,0.90783066,1.5031166,0.63666826,1.485469,0.1635407,0.17208141,1.5946014,0.00013501717,0.7644465,0.0,1.7737604,317.6888,1.9160992,0.42465112,0.15522514,0.9873453,0.0001516822,7.418003e-05,0.014103572,0.0051166336,0.002225993,0.0009229634,0.20594263,0.041126397,0.00018457905,8.922838e-05,0.015240548,0.005186479,0.83042216,0.92146313,0.5001554,1.5225376,0.6399333,0.6801039,0.4988089,1.5063653,0.16354069,0.2999754,0.17208134,0.3081734,1.5946021,0.99604243
1,49.62712097167969,0.6270411610603333,0.33593881130218506,56.641658782958984,0.08141706883907318,0.10502812266349792,0.05365647375583649,0.036931704729795456,0.11316302418708801,0.14382368326187134,2.2506301403045654,2.1477243900299072,0.7102367281913757,1.2787092924118042,0.08020059019327164,0.08165553212165833,1.1844221353530884,0.0001035748136928305,0.6419653296470642,0.0,0.347561776638031,478.1910705566406,0.8808935284614563,0.7185534834861755,0.627094566822052,0.9874274730682373,0.2810802459716797,0.08141706883907318,0.6548417806625366,0.10502812266349792,0.13616739213466644,0.05365647375583649,0.10914384573698044,0.036931704729795456,0.4138033986091614,0.11316302418708801,1.0373058319091797,0.14382368326187134,0.6221442818641663,2.2661995887756348,0.5867809057235718,2.1623058319091797,0.6608960628509521,0.7553362250328064,0.4708510935306549,1.3146042823791504,0.08020062744617462,0.19148945808410645,0.08165554702281952,0.19523145258426666,1.1844213008880615,0.8618055582046509,81.36881905523214,0.67715275,0.9165966,80.84146,0.04140447,0.05076557,0.021485806,0.034351245,0.051061407,0.06452677,1.8118358,1.4652344,0.6618347,1.3858047,0.13224982,0.1366108,1.2791426,0.00014241536,0.69177216,0.0,0.9381699,481.90173,1.2597786,0.6024999,0.44131404,0.9942244,0.116682574,0.04140447,0.24038222,0.05076557,0.05213953,0.021485806,0.10803426,0.034351245,0.15073761,0.051061407,0.34751835,0.06452677,0.6941084,1.8264698,0.55232745,1.4889297,0.68174607,0.7052737,0.47303355,1.4149683,0.13224982,0.25955775,0.1366106,0.26524514,1.279143,0.89411324
2,29.350143432617188,0.45603787899017334,0.18342752754688263,33.600093841552734,0.07428707927465439,0.1703065037727356,0.0955694243311882,0.04531744122505188,0.11856734752655029,0.21089734137058258,2.6179776191711426,3.536269426345825,0.7605081796646118,1.127146601676941,0.04441796988248825,0.045298028737306595,1.1115939617156982,8.877841173671186e-05,0.47249019145965576,0.0,0.18837986886501312,468.0835266113281,0.5202431082725525,0.8347360491752625,0.7992500066757202,0.9931270480155945,0.46274322271347046,0.07428707927465439,1.2159260511398315,0.1703065037727356,0.28599199652671814,0.0955694243311882,0.1316983848810196,0.04531744122505188,0.8177981972694397,0.11856734752655029,1.7287182807922363,0.21089734137058258,0.5596590638160706,2.6346383094787598,0.5458688735961914,3.542740821838379,0.6281072497367859,0.8075393438339233,0.5718809366226196,1.1606823205947876,0.044417962431907654,0.14083918929100037,0.045298021286726,0.1430404633283615,1.11159348487854,0.8358117938041687,45.057557650587775,0.54640424,0.2110476,44.50559,0.080222875,0.13784474,0.08115881,0.03974765,0.13042296,0.1758844,2.4951403,2.8349397,0.7558979,1.2476486,0.05846406,0.06047311,1.1510794,0.00014611447,0.56182575,0.0,0.21796621,471.6677,0.6908911,0.7776016,0.7152206,0.9971326,0.39082757,0.080222875,0.9192185,0.13784474,0.23161557,0.08115881,0.1150338,0.03974765,0.70050246,0.13042296,1.3201424,0.1758844,0.59215015,2.511086,0.56682426,2.84454,0.6381799,0.8023287,0.5164277,1.2822047,0.058464047,0.16466732,0.06047312,0.16860577,1.1510812,0.849639
3,21.090131759643555,0.37197062373161316,0.13542991876602173,23.58433723449707,0.050796184688806534,0.14187107980251312,0.08651012927293777,0.04949386417865753,0.07869121432304382,0.17395244538784027,2.8162686824798584,4.11196756362915,0.6984455585479736,0.7861698269844055,0.03479679301381111,0.03535778075456619,1.0708180665969849,0.0001035748136928305,0.3886714279651642,0.0,0.13974247872829437,447.1827392578125,0.3637075126171112,0.8844833970069885,0.8651115894317627,0.9997529983520508,0.37071534991264343,0.050796184688806534,0.9943453669548035,0.14187107980251312,0.26681649684906006,0.08651012927293777,0.1561765968799591,0.04949386417865753,0.6866065859794617,0.07869121432304382,1.3562090396881104,0.17395244538784027,0.5336470007896423,2.8332602977752686,0.5220762491226196,4.117138385772705,0.6304894685745239,0.7466000914573669,0.6775420308113098,0.8182563185691833,0.03479680046439171,0.12449267506599426,0.03535778820514679,0.12592677772045135,1.070818305015564,0.8228037357330322,30.11442571336573,0.440577,0.13807338,29.54,0.066703774,0.17213617,0.09331283,0.045617655,0.117130496,0.22003792,2.7102072,3.7305138,0.7438435,0.9814913,0.038594097,0.039704967,1.0942304,0.00014241536,0.4566157,0.0,0.1418558,457.2684,0.4567106,0.85365796,0.8227605,0.9980493,0.5009153,0.066703774,1.2963349,0.17213617,0.28744844,0.09331283,0.13319232,0.045617655,0.9395247,0.117130496,1.9481869,0.22003792,0.5545007,2.726753,0.5383079,3.7358947,0.6227824,0.7915425,0.62212396,1.0140171,0.038594127,0.1331968,0.039704986,0.13577676,1.0942303,0.82990825
4,16.96526527404785,0.33499667048454285,0.10176873952150345,19.00157928466797,0.04130087047815323,0.14515239000320435,0.08579756319522858,0.05183146148920059,0.0630340427160263,0.16875974833965302,2.8570425510406494,4.277875900268555,0.5739225745201111,0.5323814153671265,0.02877482958137989,0.02910706214606762,1.043933391571045,0.0001035748136928305,0.352146714925766,0.0,0.10581910610198975,441.1396484375,0.2918795347213745,0.9081680774688721,0.8950567841529846,0.999854564666748,0.33210182189941406,0.04130087047815323,1.165391445159912,0.14515239000320435,0.2908424735069275,0.08579756319522858,0.16362214088439941,0.05183146148920059,0.5810877680778503,0.0630340427160263,1.4276949167251587,0.16875974833965302,0.5250207185745239,2.8741884231567383,0.517637312412262,4.282529354095459,0.6904740929603577,0.6194231510162354,0.7756421566009521,0.5607423186302185,0.02877482771873474,0.1162719875574112,0.029107071459293365,0.11729378253221512,1.0439331531524658,0.8134530186653137,23.466928098689426,0.38625672,0.10989451,22.902952,0.054838587,0.17106411,0.0894291,0.049414303,0.10185366,0.21522275,2.7912111,4.0853367,0.6526784,0.6982768,0.029279668,0.03002425,1.0637212,0.00014611447,0.4026972,0.0,0.11310983,442.15207,0.3529039,0.88742465,0.86731446,0.9987766,0.48398402,0.054838587,1.4022382,0.17106411,0.29506394,0.0894291,0.15014797,0.049414303,1.054144,0.10185366,1.995352,0.21522275,0.5384429,2.8080502,0.5260287,4.0897455,0.6515022,0.6998837,0.7152266,0.72860813,0.02927965,0.11797415,0.03002424,0.119944446,1.0637208,0.8199174
5,21.132980346679688,0.316925972700119,0.09889917075634003,22.35557746887207,0.051377616822719574,0.17968691885471344,0.06412683427333832,0.07088512927293777,0.08079463988542557,0.2172682136297226,2.768268346786499,4.34364128112793,0.3847132623195648,0.1414986252784729,0.026239711791276932,0.026451636105775833,1.050459384918213,8.877841173671186e-05,0.3343726098537445,0.0,0.10271821916103363,427.3547058105469,0.3441946506500244,0.9024069309234619,0.8898864984512329,0.9875859618186951,0.5108343362808228,0.051377616822719574,1.6135705709457397,0.17968691885471344,0.44276735186576843,0.06412683427333832,0.23681648075580597,0.07088512927293777,0.8690399527549744,0.08079463988542557,2.273715019226074,0.2172682136297226,0.5273881554603577,2.785916566848755,0.5159209370613098,4.348138809204102,0.7640269994735718,0.4177071452140808,0.9488488435745239,0.15590864419937134,0.026239706203341484,0.11886957287788391,0.02645164728164673,0.11945349723100662,1.050459384918213,0.8164170980453491,19.445257059552453,0.35376853,0.09676497,18.899109,0.05253881,0.17653784,0.09823113,0.0628655,0.09817793,0.22387637,2.795785,4.2158875,0.50125366,0.42978394,0.027024513,0.027479012,1.0567349,0.00014056581,0.37057006,0.0,0.09974963,433.76596,0.29014444,0.90746826,0.8921348,0.99862057,0.53932506,0.05253881,1.4996526,0.17653784,0.4502974,0.09823113,0.21426655,0.0628655,1.1209061,0.09817793,2.2580028,0.22387637,0.53355086,2.812915,0.5234893,4.2199492,0.731179,0.54157704,0.8299376,0.45341066,0.027024526,0.11691961,0.027479004,0.11829602,1.0567338,0.81784815
6,11.136029243469238,0.27325305342674255,0.06927739083766937,11.984176635742188,0.03197573125362396,0.12652307748794556,0.030219828709959984,0.0726483091711998,0.05096162483096123,0.15127062797546387,2.857818603515625,4.470283031463623,0.3163813054561615,0.07634882628917694,0.02305792085826397,0.023060990497469902,1.0323964357376099,0.0001035748136928305,0.29091501235961914,0.0,0.07296649366617203,418.9018859863281,0.1819632351398468,0.9425316452980042,0.9361969232559204,0.9999970197677612,0.2956140339374542,0.03197573125362396,0.9601150751113892,0.12652307748794556,0.18031111359596252,0.030219828709959984,0.2845867872238159,0.0726483091711998,0.49026089906692505,0.05096162483096123,1.2746946811676025,0.15127062797546387,0.5187766551971436,2.8756227493286133,0.5134795308113098,4.474452972412109,0.8009588122367859,0.3429664075374603,0.9746537804603577,0.0852857306599617,0.02305792272090912,0.11162599921226501,0.023060984909534454,0.11184606701135635,1.0323963165283203,0.8095357418060303,15.96054584634575,0.32431626,0.08580158,15.433957,0.0487731,0.17611752,0.056199886,0.076012425,0.08995557,0.2221759,2.8213918,4.339714,0.36776447,0.16192938,0.025631791,0.025859552,1.0492107,0.00014611447,0.34135613,0.0,0.088623166,423.38507,0.2358064,0.9247795,0.9131632,0.99894655,0.54609436,0.0487731,1.5614437,0.17611752,0.39618638,0.056199886,0.28999615,0.076012425,1.1284602,0.08995557,2.2844875,0.2221759,0.52708113,2.8387892,0.51939994,4.343442,0.7801791,0.39718804,0.94817746,0.17414217,0.025631752,0.11721406,0.025859538,0.11802648,1.0492119,0.8155434
7,11.639628410339355,0.27114155888557434,0.0674520879983902,12.7682523727417,0.041281137615442276,0.15744315087795258,0.015719851478934288,0.07791613787412643,0.06504221260547638,0.18756796419620514,2.8244097232818604,4.5184736251831055,0.274918794631958,0.02787996083498001,0.022318409755825996,0.022280119359493256,1.0232329368591309,0.0001035748136928305,0.2888313829898834,0.0,0.07112257182598114,407.9183044433594,0.19404374063014984,0.9402217268943787,0.9331003427505493,0.998975932598114,0.5400667190551758,0.041281137615442276,1.3922233581542969,0.15744315087795258,0.11387095600366592,0.015719851478934288,0.34012606739997864,0.07791613787412643,0.8961721062660217,0.06504221260547638,1.8867591619491577,0.18756796419620514,0.5176225304603577,2.8422510623931885,0.5098395943641663,4.5227131843566895,0.8288500308990479,0.2997093200683594,0.9912849068641663,0.03179166465997696,0.022318411618471146,0.10967724025249481,0.022280126810073853,0.1098623126745224,1.0232326984405518,0.8060246109962463,14.008590977300297,0.3049548,0.08063908,13.487521,0.046090722,0.17051505,0.033148166,0.07936413,0.082607485,0.21334156,2.8399801,4.4462643,0.31346563,0.10038347,0.023869509,0.024048002,1.0366123,0.00014241536,0.32217714,0.0,0.08343013,412.8876,0.20518127,0.9359696,0.9266337,0.9988802,0.55726475,0.046090722,1.5824323,0.17051505,0.21812412,0.033148166,0.33685234,0.07936413,1.1215112,0.082607485,2.2093282,0.21334156,0.5227624,2.8575647,0.5145541,4.4498153,0.812476,0.33927202,0.9714707,0.107126646,0.023869494,0.11330119,0.02404802,0.113961056,1.0366127,0.810994
8,12.640780448913574,0.28498396277427673,0.07712164521217346,13.334880828857422,0.0448824018239975,0.1753750890493393,0.015492632985115051,0.08881448954343796,0.06651898473501205,0.20825380086898804,2.8167593479156494,4.4308929443359375,0.250699520111084,0.02115931361913681,0.027265537530183792,0.027481673285365105,1.0270072221755981,8.877841173671186e-05,0.3029995560646057,0.0,0.08084888756275177,415.4139099121094,0.20195212960243225,0.9368454217910767,0.9275590777397156,0.9999587535858154,0.4583573341369629,0.0448824018239975,1.4658547639846802,0.1753750890493393,0.20558446645736694,0.015492632985115051,0.4496772885322571,0.08881448954343796,0.7553781867027283,0.06651898473501205,1.9567654132843018,0.20825380086898804,0.5165275931358337,2.834991693496704,0.514707624912262,4.435176372528076,0.8460286259651184,0.27551624178886414,0.9936227798461914,0.024882042780518532,0.027265535667538643,0.11893419176340103,0.027481675148010254,0.11945904791355133,1.0270074605941772,0.8074979782104492,12.21842046962543,0.29029205,0.0779818,11.699368,0.044413533,0.16492534,0.025166156,0.09146202,0.07726473,0.20609537,2.8643594,4.502688,0.28113055,0.08361721,0.022371337,0.02257591,1.0267664,0.00014611447,0.30760682,0.0,0.08072134,403.4724,0.1769712,0.9454434,0.9369714,0.9994593,0.565117,0.044413533,1.5140882,0.16492534,0.1958351,0.025166156,0.42725304,0.09146202,1.0610572,0.07726473,2.1716588,0.20609537,0.5196977,2.882017,0.5135332,4.5060925,0.83644426,0.30597746,0.98144346,0.08848582,0.022371361,0.10925825,0.022575922,0.1099233,1.0267671,0.8071318
9,7.3936052322387695,0.22618480026721954,0.05047645792365074,7.517813205718994,0.022310607135295868,0.09344005584716797,0.012677211314439774,0.09329638630151749,0.03503197804093361,0.11210166662931442,2.8994009494781494,4.657386779785156,0.23719629645347595,0.018969165161252022,0.01951957307755947,0.019544413313269615,1.0087409019470215,0.0001035748136928305,0.24398589134216309,0.0,0.05407307669520378,382.5164489746094,0.11167861521244049,0.9662067890167236,0.963531494140625,0.9999970197677612,0.2041621208190918,0.022310607135295868,0.804810106754303,0.09344005584716797,0.08469125628471375,0.012677211314439774,0.4060252904891968,0.09329638630151749,0.48601120710372925,0.03503197804093361,1.00348961353302,0.11210166662931442,0.5124585628509521,2.9173967838287354,0.5045276880264282,4.661282062530518,0.8571851253509521,0.26148533821105957,0.994569718837738,0.023017656058073044,0.01951957866549492,0.1014464795589447,0.01954442448914051,0.10154090076684952,1.008740782737732,0.8003376722335815,10.8654725253582,0.27501,0.07042443,10.34912,0.041294787,0.15878436,0.01976613,0.0958734,0.06829056,0.19542378,2.8748527,4.572803,0.25812677,0.07058155,0.020687405,0.02092311,1.0181271,0.00014241536,0.29243657,0.0,0.07310034,394.55618,0.15550764,0.9522229,0.94570494,0.9994555,0.55365336,0.041294787,1.5632848,0.15878436,0.14306758,0.01976613,0.450473,0.0958734,0.99436396,0.06829056,2.1637597,0.19542378,0.51655716,2.8925743,0.51086426,4.5760283,0.84734553,0.28245664,0.98630226,0.07529212,0.020687422,0.10476434,0.020923126,0.10554511,1.0181279,0.80385554
10,7.074743270874023,0.22811740636825562,0.05096280947327614,7.5865559577941895,0.02734118513762951,0.1055108830332756,0.010718448087573051,0.10698162764310837,0.03739968687295914,0.12384556978940964,2.901437997817993,4.669090747833252,0.2513386905193329,0.01784564182162285,0.017760224640369415,0.0178203247487545,1.0065796375274658,8.877841173671186e-05,0.2459026426076889,0.0,0.054539889097213745,379.49267578125,0.11221042275428772,0.9658434391021729,0.9626576900482178,1.0,0.38702574372291565,0.02734118513762951,0.8815696239471436,0.1055108830332756,0.07675450295209885,0.010718448087573051,0.5611777901649475,0.10698162764310837,0.48323625326156616,0.03739968687295914,1.1800333261489868,0.12384556978940964,0.5079308748245239,2.919437885284424,0.5055634379386902,4.672935485839844,0.8410866260528564,0.2754266560077667,0.9976473450660706,0.023299144580960274,0.01776023581624031,0.09713849425315857,0.017820317298173904,0.09732106328010559,1.006580114364624,0.7994747161865234,10.980206101455472,0.268523,0.07326129,10.46264,0.03985641,0.1433657,0.020766063,0.10628293,0.06276668,0.17379396,2.8910136,4.635091,0.25493845,0.078576185,0.020706914,0.02088142,1.0159525,0.00014796402,0.28602535,0.0,0.07594015,385.00015,0.1569753,0.95534784,0.94892466,0.9985828,0.552233,0.03985641,1.4202328,0.1433657,0.15537614,0.020766063,0.5439567,0.10628293,0.9427223,0.06276668,1.9470055,0.17379396,0.5136996,2.9087574,0.50791425,4.6382394,0.85385966,0.27897927,0.9861931,0.08433316,0.020706909,0.10369901,0.020881439,0.10436294,1.0159525,0.8029034
11,6.906296253204346,0.2125978320837021,0.047136589884757996,6.476693630218506,0.021044911816716194,0.0914469063282013,0.011564265936613083,0.11737539619207382,0.03426094353199005,0.10686123371124268,2.8578264713287354,4.692518711090088,0.25097545981407166,0.018551388755440712,0.01695580966770649,0.01708008535206318,1.0005943775177002,0.0001035748136928305,0.23054276406764984,0.0,0.05068975314497948,371.59869384765625,0.09443158656358719,0.9719173312187195,0.9697362780570984,0.9999974370002747,0.2317015826702118,0.021044911816716194,0.722981870174408,0.0914469063282013,0.06989718973636627,0.011564265936613083,0.6911133527755737,0.11737539619207382,0.4579249322414398,0.03426094353199005,0.9790545105934143,0.10686123371124268,0.514219343662262,2.875903606414795,0.5061109066009521,4.696330547332764,0.8415157198905945,0.27590876817703247,0.9965968132019043,0.02362503670156002,0.016955813392996788,0.0943523496389389,0.017080089077353477,0.09460079669952393,1.000594973564148,0.7972935438156128,10.676729616624387,0.2642937,0.071546435,10.158966,0.04061745,0.14388348,0.022397466,0.11999705,0.06277185,0.17351273,2.8719676,4.6419005,0.27015406,0.08128753,0.019570984,0.019890087,1.0115616,0.00014241536,0.2818408,0.0,0.074246496,378.7915,0.15168513,0.9578162,0.95164084,0.9989897,0.6079447,0.04061745,1.493302,0.14388348,0.21331656,0.022397466,0.6596233,0.11999705,1.0106248,0.06277185,1.9466314,0.17351273,0.51512563,2.8898044,0.50827676,4.6450233,0.84110516,0.29478294,0.9865371,0.08779347,0.019571021,0.10105288,0.019890076,0.101830326,1.0115622,0.80113596
12,8.597481727600098,0.22471046447753906,0.05431216582655907,7.252896308898926,0.03546706587076187,0.13403376936912537,0.008169179782271385,0.11821358650922775,0.051136039197444916,0.1537388414144516,2.8851287364959717,4.682776927947998,0.2333396077156067,0.013593955896794796,0.01623777113854885,0.01629999652504921,1.0014348030090332,0.0001035748136928305,0.24263514578342438,0.0,0.057905346155166626,363.2305908203125,0.10593095421791077,0.9694125652313232,0.9664217233657837,0.9999949336051941,0.5151780247688293,0.03546706587076187,1.3572906255722046,0.13403376936912537,0.07666978985071182,0.008169179782271385,0.6295849084854126,0.11821358650922775,0.8068622946739197,0.051136039197444916,1.6148651838302612,0.1537388414144516,0.5071318745613098,2.903271198272705,0.5060665011405945,4.686614513397217,0.860292375087738,0.25750061869621277,0.9978545308113098,0.01930651068687439,0.016237763687968254,0.09234470129013062,0.016299987211823463,0.09262892603874207,1.0014350414276123,0.7974694967269897,9.445504683493214,0.25780725,0.07068059,8.927711,0.038001504,0.14346272,0.020044403,0.12561148,0.05919,0.17554843,2.8868256,4.6656446,0.2573591,0.08278447,0.018288441,0.018512819,1.0080298,0.00014796402,0.27540612,0.0,0.07335162,371.54034,0.13178496,0.9636475,0.95808613,0.99957544,0.5779497,0.038001504,1.5271347,0.14346272,0.18105021,0.020044403,0.8013981,0.12561148,1.0267692,0.05919,2.0992048,0.17554843,0.51218486,2.9046967,0.5079753,4.668695,0.8515385,0.2819249,0.987571,0.090161845,0.018288432,0.09744576,0.018512847,0.0981395,1.0080285,0.799909
13,5.842763900756836,0.20662537217140198,0.04719722270965576,5.728808403015137,0.025161070749163628,0.10655129700899124,0.004895344376564026,0.1271120011806488,0.03369900956749916,0.130020871758461,2.8927767276763916,4.72161865234375,0.22358094155788422,0.007494546473026276,0.015196503140032291,0.015249191783368587,0.9973827600479126,8.877841173671186e-05,0.22467321157455444,0.0,0.05069952830672264,365.00067138671875,0.08092350512742996,0.9772344827651978,0.9754453897476196,0.9999979138374329,0.35969239473342896,0.025161070749163628,0.981013298034668,0.10655129700899124,0.041549477726221085,0.004895344376564026,0.8823405504226685,0.1271120011806488,0.5925680994987488,0.03369900956749916,1.6031959056854248,0.130020871758461,0.5061109066009521,2.910921812057495,0.5047348737716675,4.72527551651001,0.86279296875,0.24728812277317047,0.9987422823905945,0.011820748448371887,0.015196504071354866,0.08791007846593857,0.015249194577336311,0.08816773444414139,0.997382402420044,0.7962762117385864,8.135818746448917,0.24807364,0.06195782,7.617955,0.040355936,0.14903082,0.012979864,0.13173252,0.060404826,0.17651176,2.89544,4.7159805,0.24050479,0.07004258,0.01626892,0.016496407,1.0058349,0.00014241536,0.26571167,0.0,0.064620726,367.10168,0.1103894,0.9691794,0.96489227,0.9995794,0.686803,0.040355936,1.7121125,0.14903082,0.19333169,0.012979864,0.83736736,0.13173252,1.2349174,0.060404826,2.3895807,0.17651176,0.5096639,2.9133632,0.50552833,4.7189403,0.86383057,0.2642203,0.9912997,0.075930245,0.01626891,0.09198113,0.0164964,0.09262362,1.0058346,0.79924107
14,19.93410301208496,0.2663663625717163,0.07307997345924377,17.02203369140625,0.05615203082561493,0.20180565118789673,0.007942797616124153,0.14049284160137177,0.07774893194437027,0.22631840407848358,2.781522035598755,4.670467376708984,0.24531446397304535,0.01453858520835638,0.01625855080783367,0.01632506027817726,1.018161416053772,0.0001035748136928305,0.2848304510116577,0.0,0.076753631234169,364.86712646484375,0.25609174370765686,0.9458093643188477,0.9358701705932617,0.9995283484458923,0.8625189065933228,0.05615203082561493,2.5133206844329834,0.20180565118789673,0.054682351648807526,0.007942797616124153,0.8601436018943787,0.14049284160137177,1.4483509063720703,0.07774893194437027,2.785600423812866,0.22631840407848358,0.5094105005264282,2.8002870082855225,0.5058445930480957,4.674445629119873,0.8512517809867859,0.2698208689689636,0.9973070621490479,0.020031306892633438,0.016258560121059418,0.09436435252428055,0.01632506400346756,0.09455177932977676,1.0181611776351929,0.8027842044830322,10.115699043497443,0.25395417,0.06675106,9.587285,0.043621916,0.15989406,0.016825229,0.14724147,0.065137334,0.19066277,2.8742197,4.695236,0.24922208,0.08380655,0.061331153,0.061629355,1.0130368,0.00014796402,0.27159595,0.0,0.06943175,366.4378,0.1399359,0.96441084,0.9592747,0.9991996,0.791438,0.043621916,1.9307634,0.15989406,0.22183718,0.016825229,1.0828041,0.14724147,1.3155134,0.065137334,2.546517,0.19066277,0.51270086,2.8921554,0.50766826,4.698249,0.85847056,0.2733959,0.9886382,0.08982038,0.06133117,0.094503805,0.061629348,0.09514117,1.0130374,0.80178374
15,9.748771667480469,0.21536479890346527,0.04942106828093529,8.56473445892334,0.03136909380555153,0.11921139061450958,0.005786763038486242,0.16145847737789154,0.0392223596572876,0.13657428324222565,2.8684234619140625,4.70054817199707,0.25068214535713196,0.010401605628430843,0.016850067302584648,0.016957126557826996,0.9997085332870483,0.0001035748136928305,0.23343853652477264,0.0,0.053043432533741,358.9383544921875,0.12251703441143036,0.9701616764068604,0.9673395752906799,1.0,0.5381796360015869,0.03136909380555153,1.3574649095535278,0.11921139061450958,0.07321668416261673,0.005786763038486242,1.0341665744781494,0.16145847737789154,0.5907965898513794,0.0392223596572876,1.8454235792160034,0.13657428324222565,0.5068211555480957,2.886690139770508,0.5057557821273804,4.7043137550354,0.848203718662262,0.2747530937194824,0.9982392191886902,0.015114226378500462,0.016850054264068604,0.09046810120344162,0.016957120969891548,0.09072301536798477,0.9997082352638245,0.7972959876060486,10.81009504199028,0.2524974,0.0657412,10.288231,0.041078616,0.15414308,0.013550811,0.16221188,0.062701836,0.18309778,2.8798919,4.70282,0.270874,0.07619481,0.016519953,0.016736314,1.009469,0.00014241536,0.27020314,0.0,0.06839805,356.9386,0.14982603,0.9643419,0.95954996,0.99945056,0.7820466,0.041078616,1.9734352,0.15414308,0.16547449,0.013550811,1.286325,0.16221188,1.3371165,0.062701836,2.5938988,0.18309778,0.5122144,2.8978295,0.50730944,4.705796,0.8433486,0.29531324,0.9902196,0.08229777,0.016519947,0.09189027,0.016736329,0.09258336,1.009469,0.80045366
16,9.818087577819824,0.2091335654258728,0.047523900866508484,8.132209777832031,0.026804013177752495,0.12321038544178009,0.0075373235158622265,0.1836196333169937,0.04273223876953125,0.13463732600212097,2.876776695251465,4.750629425048828,0.25183820724487305,0.013391692191362381,0.017046960070729256,0.017185213044285774,1.002997875213623,8.877841173671186e-05,0.22722762823104858,0.0,0.05106506124138832,346.4237976074219,0.11474769562482834,0.9741407036781311,0.9722111821174622,0.9999833703041077,0.40218880772590637,0.026804013177752495,1.960771918296814,0.12321038544178009,0.08089235424995422,0.0075373235158622265,1.3939851522445679,0.1836196333169937,0.7945307493209839,0.04273223876953125,1.9723048210144043,0.13463732600212097,0.5070874691009521,2.89501690864563,0.5043649673461914,4.75436544418335,0.8532936573028564,0.27579113841056824,0.9974550008773804,0.01800728775560856,0.01704695075750351,0.08881635218858719,0.017185211181640625,0.08908280730247498,1.0029984712600708,0.7984680533409119,11.204997557808053,0.25065172,0.067386955,10.679177,0.0421827,0.15517268,0.016916322,0.19191481,0.062425636,0.18271877,2.8870847,4.7317877,0.26737335,0.07859567,0.017420122,0.017662868,1.0141331,0.00014611447,0.26838773,0.0,0.07008485,349.68356,0.15443553,0.9667345,0.96193874,0.99869305,0.8916753,0.0421827,2.2563975,0.15517268,0.20028467,0.016916322,1.5419341,0.19191481,1.4066715,0.062425636,2.7665396,0.18271877,0.5103057,2.9050786,0.5054617,4.7347784,0.8541944,0.29105994,0.9895001,0.08446492,0.017420122,0.09324848,0.017662853,0.09398165,1.0141319,0.8020187
17,10.287492752075195,0.20412768423557281,0.045342687517404556,7.45509672164917,0.025321852415800095,0.10973918437957764,0.01206858828663826,0.26548662781715393,0.036882683634757996,0.11797256767749786,2.880690813064575,4.7639241218566895,0.3128848075866699,0.02339797094464302,0.015217039734125137,0.01530464831739664,1.0165903568267822,0.0001035748136928305,0.22216950356960297,0.0,0.048894111067056656,336.4941101074219,0.10271139442920685,0.9785694479942322,0.9770097732543945,0.9999884366989136,0.3891795873641968,0.025321852415800095,1.487225890159607,0.10973918437957764,0.14216727018356323,0.01206858828663826,3.0144267082214355,0.26548662781715393,0.7165927290916443,0.036882683634757996,1.556889295578003,0.11797256767749786,0.5080492496490479,2.8988895416259766,0.5019235610961914,4.767639636993408,0.815858781337738,0.33636167645454407,0.9951024055480957,0.028035342693328857,0.015217040665447712,0.08597934246063232,0.015304646454751492,0.08624590933322906,1.0165904760360718,0.8025935292243958,10.678544962270694,0.24624239,0.0639909,10.149399,0.04229696,0.15910038,0.022414438,0.23510003,0.06255532,0.18769485,2.8836677,4.7235827,0.29489702,0.089969434,0.015745101,0.01594915,1.012016,0.00014426491,0.26405743,0.0,0.066653356,344.3726,0.14420085,0.9709314,0.9667249,0.9993425,0.9885271,0.04229696,2.3938568,0.15910038,0.31425983,0.022414438,2.4404984,0.23510003,1.6962413,0.06255532,3.2107,0.18769485,0.5107829,2.9017243,0.50655293,4.726516,0.8395848,0.3184422,0.9875063,0.095752336,0.015745087,0.088917345,0.015949165,0.089610495,1.0120175,0.8012446
18,10.612749099731445,0.20622728765010834,0.04657212272286415,8.220480918884277,0.026822786778211594,0.1140369102358818,0.012562800198793411,0.2376752495765686,0.03359000012278557,0.12562920153141022,2.8914778232574463,4.759674549102783,0.2834451198577881,0.017000241205096245,0.014916252344846725,0.015020633116364479,1.0152708292007446,8.877841173671186e-05,0.22435548901557922,0.0,0.05009520798921585,336.6023864746094,0.11182291060686111,0.9791491031646729,0.9776743054389954,0.9999863505363464,0.5750038027763367,0.026822786778211594,1.761133074760437,0.1140369102358818,0.7386428117752075,0.012562800198793411,4.109745979309082,0.2376752495765686,0.618287980556488,0.03359000012278557,1.8579810857772827,0.12562920153141022,0.5065400004386902,2.9097211360931396,0.5019826889038086,4.7633256912231445,0.8412790298461914,0.30667805671691895,0.9956202507019043,0.021975068375468254,0.014916249550879002,0.0843605250120163,0.015020634047687054,0.08453790098428726,1.0152711868286133,0.802001416683197,11.371511664241552,0.24497245,0.06595585,10.836979,0.04445659,0.1654686,0.025359077,0.23210673,0.063815504,0.19295469,2.8866546,4.7432857,0.3200372,0.11198654,0.017722333,0.017960034,1.0194497,0.00014611447,0.26280376,0.0,0.06863717,339.56937,0.15243588,0.9724741,0.9684061,0.9995665,1.2297988,0.04445659,2.8039513,0.1654686,0.38184708,0.025359077,3.2065568,0.23210673,1.9652402,0.063815504,3.6784074,0.19295469,0.5092496,2.9047065,0.505471,4.746199,0.82848936,0.34384444,0.9832505,0.118145615,0.017722327,0.0912825,0.017959999,0.091963336,1.0194497,0.8036296
19,10.24781322479248,0.20135623216629028,0.04300414398312569,8.868683815002441,0.022450296208262444,0.1050148531794548,0.02123410254716873,0.3621096909046173,0.03611196577548981,0.11863850802183151,2.887312412261963,4.766957759857178,0.3452061712741852,0.031847719103097916,0.014768961817026138,0.014833793975412846,1.0323103666305542,0.0001035748136928305,0.21946507692337036,0.0,0.04648764804005623,328.03729248046875,0.11939515918493271,0.9807729125022888,0.9793089628219604,0.999996542930603,0.4571004807949066,0.022450296208262444,1.6583757400512695,0.1050148531794548,0.46712979674339294,0.02123410254716873,8.037983894348145,0.3621096909046173,0.8886350989341736,0.03611196577548981,2.17606520652771,0.11863850802183151,0.5061109066009521,2.9055356979370117,0.5032256245613098,4.770587921142578,0.8180634379386902,0.36700499057769775,0.99365234375,0.03672218695282936,0.014768960885703564,0.0862070769071579,0.01483379676938057,0.08640830218791962,1.0323104858398438,0.8073623180389404,12.457942500371825,0.24348111,0.06453182,11.920624,0.047265448,0.171935,0.024808984,0.28026277,0.0695188,0.2016244,2.8907325,4.742364,0.31486097,0.09825338,0.01704411,0.017220372,1.0182985,0.00014426491,0.2613298,0.0,0.067239955,334.52374,0.1663817,0.97364277,0.9696685,0.9994389,1.4616116,0.047265448,3.3981435,0.171935,0.6923278,0.024808984,4.70144,0.28026277,2.397464,0.0695188,4.424972,0.2016244,0.5087077,2.9088235,0.50546545,4.7453213,0.8350423,0.33777055,0.98609877,0.10414694,0.017044103,0.08981957,0.017220369,0.09046831,1.0182992,0.8034313
20,14.114859580993652,0.2031615674495697,0.04783449321985245,10.587940216064453,0.03643939271569252,0.12808212637901306,0.02581719681620598,0.4270521104335785,0.045850954949855804,0.14892208576202393,2.8755064010620117,4.761868000030518,0.2670106589794159,0.02451273240149021,0.014501106925308704,0.014538533054292202,1.0186935663223267,0.0001035748136928305,0.22136439383029938,0.0,0.05141052231192589,327.5645751953125,0.14183929562568665,0.9801358580589294,0.9784571528434753,0.9999666810035706,1.6592828035354614,0.03643939271569252,2.411500930786133,0.12808212637901306,0.8696337938308716,0.02581719681620598,9.997940063476562,0.4270521104335785,2.4944496154785156,0.045850954949855804,3.2021522521972656,0.14892208576202393,0.5051491260528564,2.8938934803009033,0.5030924677848816,4.7655744552612305,0.8559274673461914,0.2870965003967285,0.9954279065132141,0.029326148331165314,0.014501110650599003,0.08483521640300751,0.014538528397679329,0.08505570888519287,1.018693208694458,0.8036288619041443,13.895634187554771,0.24458928,0.06646801,13.34863,0.050737403,0.18232913,0.033909068,0.44253674,0.07308937,0.21565598,2.885291,4.741992,0.2968597,0.09866499,0.015731065,0.015877752,1.0166745,0.00014611447,0.26242498,0.0,0.06916079,333.16418,0.18441242,0.9742717,0.97034293,0.9996538,2.0524442,0.050737403,4.060406,0.18232913,0.8431369,0.033909068,8.390983,0.44253674,3.0659857,0.07308937,5.264456,0.21565598,0.5090055,2.9033701,0.5057336,4.7449226,0.84057987,0.31890842,0.98793536,0.10447493,0.01573106,0.08840936,0.015877748,0.08903409,1.016675,0.803242
21,14.2291898727417,0.20223425328731537,0.05143587663769722,11.011787414550781,0.04210774600505829,0.15349450707435608,0.022832147777080536,0.44169920682907104,0.05395261198282242,0.15562070906162262,2.877565622329712,4.769038200378418,0.19308266043663025,0.02531103603541851,0.013496601954102516,0.013579240068793297,1.0130127668380737,8.877841173671186e-05,0.22034727036952972,0.0,0.05509394407272339,329.63067626953125,0.14298205077648163,0.9822996258735657,0.9790804386138916,0.9999852180480957,1.9981971979141235,0.04210774600505829,5.56898832321167,0.15349450707435608,0.642719030380249,0.022832147777080536,9.418449401855469,0.44169920682907104,5.199121475219727,0.05395261198282242,4.485619068145752,0.15562070906162262,0.5078864693641663,2.895841360092163,0.5002959370613098,4.772815704345703,0.8999171257019043,0.21130850911140442,0.9955759048461914,0.029869327321648598,0.013496601954102516,0.08392838388681412,0.013579236343502998,0.0842532366514206,1.0130125284194946,0.8019818663597107,18.526073080910876,0.25063825,0.072969705,17.972633,0.057576016,0.20880541,0.049051486,0.4846446,0.08460113,0.23778391,2.8825383,4.731111,0.24828516,0.09564128,0.017793301,0.018016258,1.0214484,0.00014426491,0.26854303,0.0,0.07570476,329.88358,0.25174475,0.97133297,0.9668339,0.99781173,2.669941,0.057576016,6.3921075,0.20880541,1.7442164,0.049051486,12.848962,0.4846446,4.4070053,0.08460113,8.274291,0.23778391,0.5100227,2.9007003,0.5053008,4.7341228,0.87863255,0.26687554,0.9866259,0.101300485,0.017793322,0.09441371,0.018016255,0.09516149,1.0214481,0.80493075
22,16.984207153320312,0.20997515320777893,0.05647234991192818,15.392386436462402,0.04942815378308296,0.16168799996376038,0.026117919012904167,0.3741678297519684,0.07017289847135544,0.19122296571731567,2.8810677528381348,4.700035572052002,0.22301127016544342,0.0334562323987484,0.015347613953053951,0.015407142229378223,1.0087898969650269,0.0001035748136928305,0.22806967794895172,0.0,0.06020486727356911,329.3815612792969,0.20407497882843018,0.978950560092926,0.9766460657119751,0.9999187588691711,2.650939702987671,0.04942815378308296,4.098060131072998,0.16168799996376038,0.7366511821746826,0.026117919012904167,6.63800048828125,0.3741678297519684,4.283495903015137,0.07017289847135544,5.552858352661133,0.19122296571731567,0.5078420639038086,2.8993096351623535,0.5069395303726196,4.703919410705566,0.8806374073028564,0.24185369908809662,0.9938446879386902,0.03819407522678375,0.01534761767834425,0.08934378623962402,0.015407141298055649,0.08971653133630753,1.0087904930114746,0.800637423992157,17.733581973070446,0.24608159,0.06979656,17.183578,0.05659103,0.21161981,0.0487697,0.4454749,0.08125425,0.24687558,2.8834863,4.7361255,0.22300443,0.10020661,0.016634248,0.016817836,1.0165938,0.00014611447,0.2640204,0.0,0.0725171,325.76114,0.23328464,0.97527087,0.97111154,0.99971884,3.4708507,0.05659103,7.287466,0.21161981,2.507418,0.0487697,11.668226,0.4454749,5.1437716,0.08125425,8.703754,0.24687558,0.5096898,2.9016368,0.506159,4.7390757,0.89739805,0.2402779,0.98663884,0.10578134,0.016634248,0.09186562,0.01681785,0.0925442,1.0165942,0.80322874
23,17.843849182128906,0.1996321827173233,0.04630175977945328,14.250199317932129,0.03942793607711792,0.15160027146339417,0.034952033311128616,0.38044634461402893,0.04999677091836929,0.1642569601535797,2.8716578483581543,4.727302074432373,0.1586139053106308,0.040300752967596054,0.016632352024316788,0.01672939956188202,1.0127888917922974,0.0001035748136928305,0.21781009435653687,0.0,0.049894921481609344,319.2044372558594,0.1801871657371521,0.9829186797142029,0.981306254863739,0.9997334480285645,2.3702564239501953,0.03942793607711792,6.067492485046387,0.15160027146339417,0.9142339825630188,0.034952033311128616,14.21523666381836,0.38044634461402893,2.428410768508911,0.04999677091836929,6.763459205627441,0.1642569601535797,0.5058445930480957,2.889953374862671,0.5050899386405945,4.731017112731934,0.9177911877632141,0.17385469377040863,0.9925426244735718,0.04463924840092659,0.016632355749607086,0.08909844607114792,0.01672939769923687,0.08942735940217972,1.0127887725830078,0.8016696572303772,22.41040041636337,0.25346544,0.076308854,21.85319,0.06639453,0.23870069,0.06055386,0.4627949,0.09640116,0.27910203,2.8694904,4.7142067,0.20674424,0.11246357,0.01819451,0.018462613,1.0174598,0.00014426491,0.27145302,0.0,0.079058014,322.40213,0.29805347,0.9725447,0.9674959,0.99928606,5.0987754,0.06639453,9.792909,0.23870069,2.6821613,0.06055386,20.395164,0.4627949,7.44305,0.09640116,13.311319,0.27910203,0.5100911,2.8877127,0.5072206,4.717243,0.89942515,0.22350867,0.98466724,0.117755406,0.018194485,0.09643367,0.018462626,0.0972759,1.0174593,0.8036353
24,22.964582443237305,0.20853424072265625,0.051255080848932266,19.031150817871094,0.05006645992398262,0.1932157427072525,0.11334311217069626,0.6626999378204346,0.06983253359794617,0.20071683824062347,2.879831075668335,4.705705165863037,0.48521527647972107,0.12157604098320007,0.02105790749192238,0.021042756736278534,1.0279185771942139,8.877841173671186e-05,0.2267116755247116,0.0,0.05489067733287811,315.37335205078125,0.24452129006385803,0.9791715145111084,0.9769138097763062,0.9998642802238464,3.0218725204467773,0.05006645992398262,9.986804962158203,0.1932157427072525,8.770363807678223,0.11334311217069626,129.6408233642578,0.6626999378204346,6.632589340209961,0.06983253359794617,8.164859771728516,0.20071683824062347,0.5050751566886902,2.898108959197998,0.5052083134651184,4.709475517272949,0.8206824064254761,0.5038770437240601,0.9775242805480957,0.12676675617694855,0.02105790749192238,0.09578957408666611,0.021042754873633385,0.09596658498048782,1.0279185771942139,0.8063291907310486,28.040970863943752,0.2604184,0.08196563,27.455921,0.07587033,0.26920506,0.11435652,0.60501176,0.114863254,0.31311893,2.8683012,4.6973634,0.2953126,0.21587294,0.021861078,0.02208794,1.0362666,0.00014426491,0.2783824,0.0,0.08478768,317.93994,0.37544566,0.96900237,0.9629561,0.99869794,7.3080263,0.07587033,13.587182,0.26920506,8.387613,0.11435652,34.866188,0.60501176,11.654125,0.114863254,17.793377,0.31311893,0.5084562,2.8865354,0.5073649,4.70051,0.8808557,0.31230608,0.9705237,0.2213013,0.02186105,0.103314854,0.022087935,0.10412812,1.0362668,0.80911386
25,26.016895294189453,0.20631083846092224,0.05156402289867401,19.871492385864258,0.04141964763402939,0.18132366240024567,0.06070003658533096,0.5548023581504822,0.06746596843004227,0.2126462310552597,2.8568456172943115,4.722838878631592,0.3186584711074829,0.05360953509807587,0.02021344006061554,0.020201532170176506,1.0150727033615112,0.0001035748136928305,0.22464032471179962,0.0,0.05526631325483322,306.2051696777344,0.24815011024475098,0.98052579164505,0.978739857673645,0.9997895956039429,3.833456516265869,0.04141964763402939,9.481565475463867,0.18132366240024567,5.197443962097168,0.06070003658533096,23.857872009277344,0.5548023581504822,5.946083068847656,0.06746596843004227,11.457290649414062,0.2126462310552597,0.5098100304603577,2.875372886657715,0.5014944076538086,4.726691722869873,0.8304184675216675,0.3394639492034912,0.9896425008773804,0.058386269956827164,0.020213445648550987,0.09627854824066162,0.02020152471959591,0.09657600522041321,1.0150730609893799,0.8028214573860168,39.66955289583314,0.28859782,0.110204905,39.057705,0.10327141,0.32524678,0.13472718,0.6663955,0.15150683,0.382813,2.8266518,4.6301146,0.43164113,0.23459144,0.027431827,0.02785682,1.0413086,0.00014611447,0.30667114,0.0,0.11320725,314.94528,0.54413825,0.9592976,0.9496042,0.99830234,13.266858,0.10327141,20.39285,0.32524678,11.760529,0.13472718,44.159916,0.6663955,18.511618,0.15150683,27.667734,0.382813,0.5131873,2.8450334,0.5099598,4.6335173,0.81639886,0.45239365,0.96454966,0.24076012,0.02743181,0.11181222,0.027856775,0.11292502,1.0413088,0.81103796
26,35.33115005493164,0.22801075875759125,0.05902653560042381,26.299665451049805,0.06470099091529846,0.21201814711093903,0.06804053485393524,0.5573409795761108,0.07456141710281372,0.27971190214157104,2.8302857875823975,4.692844867706299,0.21415439248085022,0.05271365866065025,0.021060192957520485,0.021242467686533928,1.0260251760482788,8.877841173671186e-05,0.24625910818576813,0.0,0.0627233162522316,305.0077209472656,0.33216702938079834,0.9744283556938171,0.9711999893188477,0.9999955892562866,11.41172981262207,0.06470099091529846,12.352550506591797,0.21201814711093903,4.920186519622803,0.06804053485393524,43.540828704833984,0.5573409795761108,6.7799296379089355,0.07456141710281372,20.75342559814453,0.27971190214157104,0.5080492496490479,2.8487541675567627,0.5042761564254761,4.69675874710083,0.8908913135528564,0.23076920211315155,0.9909297823905945,0.057577311992645264,0.021060192957520485,0.10317417234182358,0.021242473274469376,0.10374437272548676,1.0260251760482788,0.8063896894454956,38.406367825513534,0.27690452,0.09772587,37.80795,0.09300658,0.31162116,0.1255785,0.5994901,0.1362664,0.3497482,2.8207176,4.6326733,0.34898594,0.29563126,0.023754148,0.02415799,1.028967,0.00014611447,0.2949464,0.0,0.10066041,305.40997,0.51114714,0.9617964,0.95426035,0.99783015,10.097094,0.09300658,20.597202,0.31162116,16.190393,0.1255785,41.408607,0.5994901,17.877968,0.1362664,25.756493,0.3497482,0.51403624,2.8389997,0.5113988,4.6359487,0.837321,0.36873654,0.9630885,0.30137798,0.02375416,0.10805941,0.024157977,0.109140724,1.0289676,0.80741817
27,29.0750789642334,0.21074439585208893,0.05523543059825897,22.795536041259766,0.04957829788327217,0.18147128820419312,0.09999072551727295,0.50539630651474,0.06511903554201126,0.2045391947031021,2.88254714012146,4.694299221038818,0.1471131443977356,0.06866326183080673,0.018709605559706688,0.01884462870657444,1.0135334730148315,0.0001035748136928305,0.22887533903121948,0.0,0.05884767696261406,291.59332275390625,0.2627699673175812,0.9795562624931335,0.9773329496383667,0.9999604821205139,5.384060382843018,0.04957829788327217,11.680563926696777,0.18147128820419312,9.073038101196289,0.09999072551727295,38.15697479248047,0.50539630651474,6.888920783996582,0.06511903554201126,14.021088600158691,0.2045391947031021,0.5069246888160706,2.90075945854187,0.507383406162262,4.698047161102295,0.9338452816009521,0.15951178967952728,0.9892578125,0.07332302629947662,0.018709620460867882,0.09379693120718002,0.01884462684392929,0.09425795078277588,1.013533592224121,0.8019459843635559,38.65160448510539,0.27856943,0.10366504,38.060257,0.09529545,0.3098412,0.116766855,0.5897033,0.13164058,0.3555703,2.8456156,4.6491017,0.2241816,0.2351308,0.024915976,0.025290204,1.0298795,0.00014426491,0.29655564,0.0,0.10659525,296.1574,0.49740502,0.9627863,0.9542796,0.9987533,9.599737,0.09529545,22.441652,0.3098412,12.039165,0.116766855,42.764214,0.5897033,15.037833,0.13164058,25.20506,0.3555703,0.5114413,2.8638945,0.5093069,4.652429,0.89616627,0.2408479,0.9712062,0.24027558,0.024915976,0.1095923,0.025290221,0.1106177,1.0298789,0.80777013
28,41.500389099121094,0.23102432489395142,0.09259752929210663,31.59528923034668,0.062333717942237854,0.2252732664346695,0.1053759977221489,0.7941785454750061,0.0755045935511589,0.2622610628604889,2.846550703048706,4.688758850097656,0.2980290949344635,0.24785374104976654,0.022556321695446968,0.022710559889674187,1.0346993207931519,0.0001035748136928305,0.24941577017307281,0.0,0.09621027857065201,293.8032531738281,0.37022820115089417,0.9719232320785522,0.9680097103118896,0.9996845126152039,5.164099216461182,0.062333717942237854,12.293848991394043,0.2252732664346695,11.602855682373047,0.1053759977221489,72.21279907226562,0.7941785454750061,7.6718645095825195,0.0755045935511589,20.379880905151367,0.2622610628604889,0.505800187587738,2.865180492401123,0.5048532485961914,4.692531108856201,0.8718631863594055,0.3147401511669159,0.9734256863594055,0.25266820192337036,0.022556321695446968,0.10543607920408249,0.022710559889674187,0.10597901046276093,1.0346989631652832,0.8083151578903198,55.351256173442714,0.31214055,0.15097173,54.738346,0.12934633,0.37724927,0.12502448,0.64804786,0.1739886,0.43216926,2.7796068,4.547336,0.23386073,0.2537289,0.03199525,0.03251561,1.0297776,0.00014241536,0.33027032,0.0,0.15418515,291.48438,0.73359287,0.9472599,0.93386805,0.99331516,14.968888,0.12934633,29.896309,0.37724927,13.695784,0.12502448,61.17143,0.64804786,21.979513,0.1739886,35.90336,0.43216926,0.5168568,2.7980666,0.51417863,4.550965,0.8915923,0.2504332,0.97132826,0.2590706,0.031995222,0.12113017,0.032515645,0.12236604,1.029778,0.8079311
29,34.75276184082031,0.20983101427555084,0.056558527052402496,25.021644592285156,0.03971593454480171,0.17433717846870422,0.06586386263370514,0.703834056854248,0.0731920376420021,0.19888688623905182,2.8741018772125244,4.738724231719971,0.2028282731771469,0.08091693371534348,0.02084612287580967,0.021052353084087372,1.0097784996032715,8.877841173671186e-05,0.22799456119537354,0.0,0.06010494381189346,280.912109375,0.2451019287109375,0.9808410406112671,0.978692352771759,0.9999768733978271,4.024166107177734,0.03971593454480171,8.272318840026855,0.17433717846870422,7.706015586853027,0.06586386263370514,48.94724655151367,0.703834056854248,11.75560188293457,0.0731920376420021,10.829981803894043,0.19888688623905182,0.5054450631141663,2.8924400806427,0.5039506554603577,4.742422580718994,0.9070342183113098,0.2192477434873581,0.9882664680480957,0.0858408734202385,0.02084611915051937,0.09605676680803299,0.02105235680937767,0.09658251702785492,1.0097784996032715,0.8008264303207397,36.589637501673266,0.26264277,0.091270156,35.971966,0.08265353,0.29739377,0.16993302,0.8244354,0.1305567,0.3568687,2.8317997,4.6601458,0.31830084,0.5051707,0.023157304,0.023593675,1.0188068,0.00014611447,0.2805945,0.0,0.09409109,283.6224,0.41057825,0.9686138,0.96205914,0.99899733,8.162307,0.08265353,20.617926,0.29739377,16.14708,0.16993302,74.124985,0.8244354,17.323229,0.1305567,27.986664,0.3568687,0.513585,2.8500712,0.509675,4.663325,0.866444,0.33654732,0.9438939,0.510696,0.023157323,0.10265341,0.023593668,0.10382134,1.0188075,0.8040075
30,37.017574310302734,0.21653999388217926,0.06023894250392914,30.200883865356445,0.06006026640534401,0.21456213295459747,0.052186693996191025,0.566913366317749,0.06839699298143387,0.23049330711364746,2.876594305038452,4.753593444824219,0.20028208196163177,0.08773154020309448,0.025128858163952827,0.02536916546523571,1.0136160850524902,0.0001035748136928305,0.23472853004932404,0.0,0.06381348520517349,276.2298889160156,0.28524845838546753,0.9779393672943115,0.9749331474304199,0.9999243021011353,8.018742561340332,0.06006026640534401,14.646652221679688,0.21456213295459747,3.148892402648926,0.052186693996191025,40.34103012084961,0.566913366317749,7.570180892944336,0.06839699298143387,16.07018280029297,0.23049330711364746,0.5022490620613098,2.8950512409210205,0.5015684366226196,4.757355690002441,0.8970170617103577,0.2185051292181015,0.9866240620613098,0.09278234839439392,0.025128858163952827,0.10320115834474564,0.02536916732788086,0.10383955389261246,1.0136165618896484,0.8025821447372437,40.56986584853042,0.26890573,0.095879845,39.97201,0.08978179,0.3001733,0.08718277,0.6779546,0.1327391,0.35876304,2.8368082,4.655476,0.2628878,0.34223425,0.02580738,0.026289342,1.0153521,0.00014611447,0.28691995,0.0,0.09875214,276.89172,0.43673506,0.96692806,0.95966667,0.99795175,12.068916,0.08978179,20.23916,0.3001733,11.586753,0.08718277,50.191196,0.6779546,17.621256,0.1327391,27.363306,0.35876304,0.5125474,2.8551364,0.5094697,4.6587024,0.87141186,0.28290266,0.9627519,0.34792408,0.025807401,0.106003426,0.026289312,0.10722962,1.015351,0.8029988
31,38.84349822998047,0.2151581197977066,0.05724085494875908,31.82928466796875,0.05293011665344238,0.1775292605161667,0.038704197853803635,0.7082578539848328,0.06646047532558441,0.21099458634853363,2.8928279876708984,4.721059799194336,0.23742231726646423,0.03260926902294159,0.0286857970058918,0.02892114408314228,1.007223129272461,0.0001035748136928305,0.23320326209068298,0.0,0.06083696708083153,263.15338134765625,0.2823774516582489,0.9784078598022461,0.9757145047187805,0.999966025352478,4.4425859451293945,0.05293011665344238,11.698525428771973,0.1775292605161667,2.0620203018188477,0.038704197853803635,89.8416748046875,0.7082578539848328,7.418492317199707,0.06646047532558441,12.97996997833252,0.21099458634853363,0.5051935315132141,2.9111015796661377,0.5026929378509521,4.7248406410217285,0.8766276240348816,0.25652965903282166,0.99462890625,0.03746160492300987,0.028685804456472397,0.1055765375494957,0.02892114780843258,0.1062549501657486,1.0072230100631714,0.8002201914787292,50.06932010162961,0.28750256,0.11910494,49.47097,0.10637841,0.32999718,0.08133729,0.65421116,0.15577143,0.3864455,2.8071597,4.599699,0.25711784,0.22354446,0.032501135,0.03314135,1.017522,0.00014426491,0.30555493,0.0,0.1221383,271.0349,0.5448298,0.9596483,0.9489374,0.9985456,12.078301,0.10637841,24.463593,0.32999718,11.643185,0.08133729,66.28631,0.65421116,21.215569,0.15577143,31.508282,0.3864455,0.5139456,2.82555,0.511863,4.6031513,0.8734649,0.2766622,0.97097313,0.22943406,0.03250113,0.1162646,0.03314135,0.11776823,1.0175227,0.8037572
32,46.32273483276367,0.22772197425365448,0.06539329141378403,37.80049133300781,0.07596397399902344,0.25452136993408203,0.15464791655540466,0.7593699097633362,0.09795039147138596,0.2999478876590729,2.852461814880371,4.668120384216309,0.4836220443248749,0.2175338715314865,0.0336923748254776,0.033794205635786057,1.0678410530090332,8.877841173671186e-05,0.2458139806985855,0.0,0.06901627033948898,272.78662109375,0.36319077014923096,0.9722998142242432,0.9687842130661011,0.9988900423049927,7.810547828674316,0.07596397399902344,17.261873245239258,0.25452136993408203,19.768218994140625,0.15464791655540466,87.35619354248047,0.7593699097633362,8.938674926757812,0.09795039147138596,21.802579879760742,0.2999478876590729,0.5087150931358337,2.870743751525879,0.5056226253509521,4.67195987701416,0.8061079382896423,0.5051165223121643,0.9676698446273804,0.22276249527931213,0.0336923822760582,0.1191076785326004,0.033794209361076355,0.1195509284734726,1.0678410530090332,0.8170379996299744,60.968019516630605,0.30317113,0.121560805,60.33156,0.12772277,0.38593814,0.16354014,0.81413215,0.17666239,0.44873855,2.7746127,4.5584006,0.43643874,0.29316422,0.040906385,0.04139616,1.0659586,0.00014241536,0.32120225,0.0,0.12464525,274.96863,0.7118266,0.94861144,0.9369128,0.98996377,15.850414,0.12772277,32.348244,0.38593814,34.46799,0.16354014,349.2045,0.81413215,24.001629,0.17666239,40.421726,0.44873855,0.51688087,2.7930033,0.5141028,4.561969,0.83513665,0.45640564,0.9599831,0.299237,0.040906377,0.13117932,0.04139614,0.13239206,1.0659606,0.8174332
33,48.68988037109375,0.22879840433597565,0.06382234394550323,38.16596984863281,0.057485055178403854,0.25531789660453796,0.17248006165027618,0.5785125494003296,0.10075242817401886,0.291308730840683,2.8516957759857178,4.6629958152771,0.40289992094039917,0.24095125496387482,0.45961588621139526,0.459712415933609,1.0725822448730469,0.0001035748136928305,0.24683789908885956,0.0,0.06744678318500519,289.4167175292969,0.3604193329811096,0.9724264740943909,0.9681956768035889,0.9996873140335083,4.925540447235107,0.057485055178403854,18.757156372070312,0.25531789660453796,11.173928260803223,0.17248006165027618,65.03031921386719,0.5785125494003296,21.175878524780273,0.10075242817401886,18.328399658203125,0.291308730840683,0.5107126235961914,2.869910955429077,0.5069395303726196,4.666859149932861,0.7818270325660706,0.4302871823310852,0.9444099068641663,0.2479558140039444,0.45961591601371765,0.12223082035779953,0.459712415933609,0.12245219945907593,1.0725823640823364,0.8213136792182922,56.48921875926581,0.29579547,0.115630515,55.72877,0.12858658,0.41060248,0.16830438,0.75347483,0.18366823,0.4651411,2.7864573,4.5731754,0.43539125,0.37489718,0.8358312,0.83687705,1.0574582,0.00014426491,0.3137569,0.0,0.118619815,300.24625,0.6350451,0.95333844,0.9427111,0.99830294,15.539734,0.12858658,33.38998,0.41060248,33.511944,0.16830438,215.87398,0.75347483,23.431782,0.18366823,38.73326,0.4651411,0.5170473,2.8047793,0.5138716,4.576632,0.79881704,0.45887628,0.94878966,0.3812695,0.8358316,0.13143182,0.83687735,0.1325503,1.0574578,0.8159207
34,44.67390060424805,0.23243650794029236,0.08424565941095352,38.91769790649414,0.07364647090435028,0.300929993391037,0.05010499805212021,0.6525973677635193,0.12074217200279236,0.36055418848991394,2.8323354721069336,4.622443675994873,0.3100932538509369,0.06306380778551102,0.03885578364133835,0.038991983979940414,1.0320847034454346,8.877841173671186e-05,0.2506903409957886,0.0,0.08787339925765991,286.9678955078125,0.36254966259002686,0.9720844030380249,0.9663683176040649,0.9995265007019043,8.016953468322754,0.07364647090435028,23.230972290039062,0.300929993391037,3.850783348083496,0.05010499805212021,62.241966247558594,0.6525973677635193,14.956425666809082,0.12074217200279236,30.29467010498047,0.36055418848991394,0.5116151571273804,2.850813388824463,0.5097212195396423,4.626338958740234,0.8375946879386902,0.33253252506256104,0.9893909692764282,0.06805139034986496,0.03885577991604805,0.117130346596241,0.038991980254650116,0.11751855164766312,1.0320844650268555,0.8082589507102966,54.78933009505272,0.2936107,0.12860772,54.097973,0.12386582,0.40145397,0.13572171,0.6687756,0.17998542,0.4648895,2.787588,4.578573,0.40903026,0.35152644,0.43468323,0.43451813,1.0521828,0.00014611447,0.3116811,0.0,0.13168737,293.3873,0.6053476,0.95543957,0.9435489,0.99789256,15.707336,0.12386582,31.418245,0.40145397,12.192779,0.13572171,75.57552,0.6687756,29.252108,0.17998542,39.683674,0.4648895,0.5160393,2.806003,0.51313365,4.582086,0.7982511,0.43341973,0.95372427,0.35775095,0.43468326,0.13158502,0.43451837,0.13268715,1.052183,0.81498504
35,63.16168975830078,0.2852402329444885,0.11248666793107986,55.0207633972168,0.11469671130180359,0.4141041934490204,0.08490093052387238,0.7006993889808655,0.17874345183372498,0.47006455063819885,2.7591841220855713,4.52137565612793,0.3333422839641571,0.051610495895147324,0.04377296194434166,0.0440034344792366,1.0287389755249023,0.0001035748136928305,0.30354568362236023,0.0,0.1165049597620964,284.3412780761719,0.6264034509658813,0.954219400882721,0.9418704509735107,0.999749481678009,11.381757736206055,0.11469671130180359,30.89086151123047,0.4141041934490204,14.735095977783203,0.08490093052387238,59.916351318359375,0.7006993889808655,22.66596794128418,0.17874345183372498,40.15205383300781,0.47006455063819885,0.5150183439254761,2.777776002883911,0.5111860632896423,4.525827884674072,0.8691701889038086,0.35153335332870483,0.990234375,0.05676132068037987,0.04377296194434166,0.12728355824947357,0.0440034456551075,0.12814240157604218,1.0287388563156128,0.8072713017463684,47.75640779462728,0.27911448,0.10935822,47.14818,0.10511439,0.35943344,0.097863555,0.6915023,0.16138513,0.42357293,2.8086395,4.6066227,0.34114552,0.17240512,0.0406866,0.041093543,1.0328038,0.00014426491,0.29717335,0.0,0.11232546,282.2637,0.5023627,0.96255296,0.9520663,0.99658304,13.010994,0.10511439,32.855663,0.35943344,9.958224,0.097863555,116.046684,0.6915023,21.655441,0.16138513,37.25473,0.42357293,0.51489997,2.8270166,0.5116799,4.610021,0.8398826,0.3628523,0.97528815,0.17850554,0.040686604,0.11985251,0.04109356,0.120931655,1.0328035,0.8080502
36,58.14765548706055,0.2659892439842224,0.09860387444496155,49.80144119262695,0.1174553632736206,0.42507439851760864,0.04061874374747276,0.7114527225494385,0.1836562305688858,0.47934678196907043,2.746746301651001,4.6202921867370605,0.23414449393749237,0.028437118977308273,0.03460736572742462,0.034867990761995316,1.0111055374145508,8.877841173671186e-05,0.2845904529094696,0.0,0.10245251655578613,280.2064514160156,0.5549946427345276,0.9592260718345642,0.9520266056060791,0.9857837557792664,17.641786575317383,0.1174553632736206,41.46750259399414,0.42507439851760864,1.709350824356079,0.04061874374747276,112.541015625,0.7114527225494385,50.176246643066406,0.1836562305688858,48.1251220703125,0.47934678196907043,0.5128284692764282,2.7656912803649902,0.51025390625,4.624476909637451,0.8805338740348816,0.2532292306423187,0.9958274364471436,0.033263977617025375,0.03460735082626343,0.1145746186375618,0.03486797586083412,0.1152770146727562,1.0111050605773926,0.8014893531799316,42.335327222943306,0.2659141,0.09410378,41.73563,0.09583629,0.33043817,0.11501109,0.706801,0.14358759,0.38166913,2.8319857,4.6470504,0.26454565,0.20726703,0.034527317,0.03505224,1.0195197,0.00014426491,0.28388637,0.0,0.09697498,281.85718,0.42287016,0.96790314,0.9603205,0.9992613,12.385788,0.09583629,25.985855,0.33043817,13.544213,0.11501109,86.2412,0.706801,21.23473,0.14358759,30.876177,0.38166913,0.51288027,2.850255,0.5103205,4.6503024,0.8703521,0.28477627,0.9706199,0.21323404,0.034527306,0.11415823,0.035052285,0.11543168,1.0195185,0.8043076
37,56.33932876586914,0.2538544535636902,0.077987901866436,46.6494140625,0.08507687598466873,0.34086593985557556,0.08878976851701736,0.6480237245559692,0.1434842199087143,0.4015423059463501,2.810792922973633,4.576538562774658,0.20313052833080292,0.058765724301338196,0.034249138087034225,0.03459886088967323,1.0157450437545776,8.877841173671186e-05,0.27198734879493713,0.0,0.08175566792488098,290.1603698730469,0.49936994910240173,0.9631497859954834,0.9563741683959961,0.9996833801269531,7.350795745849609,0.08507687598466873,26.532005310058594,0.34086593985557556,5.843650817871094,0.08878976851701736,60.64482879638672,0.6480237245559692,22.406417846679688,0.1434842199087143,32.71567916870117,0.4015423059463501,0.5157285928726196,2.829162359237671,0.5103426575660706,4.580610275268555,0.9182202816009521,0.21703511476516724,0.9897756576538086,0.06371205300092697,0.034249138087034225,0.11726764589548111,0.03459886088967323,0.1180466040968895,1.0157451629638672,0.8032609820365906,45.1993615207347,0.27200735,0.09521863,44.60229,0.10000686,0.34262192,0.10373239,0.7124558,0.15051025,0.4032959,2.830552,4.6458635,0.22744904,0.13673449,0.031745143,0.03228188,1.0151896,0.00014426491,0.2899926,0.0,0.09811243,290.07224,0.4657092,0.9649105,0.9570633,0.99870473,12.861509,0.10000686,26.73109,0.34262192,21.740948,0.10373239,92.003296,0.7124558,21.099882,0.15051025,30.90776,0.4032959,0.5126916,2.8488805,0.5095585,4.649141,0.89275753,0.24540895,0.9809478,0.14256115,0.031745143,0.11057915,0.032281864,0.111914374,1.0151894,0.80261064
38,35.97236251831055,0.21660161018371582,0.05218933895230293,31.540321350097656,0.05319404602050781,0.2091134488582611,0.07367431372404099,0.6005265712738037,0.07169775664806366,0.2612881064414978,2.870434045791626,4.711352348327637,0.15971165895462036,0.04572899267077446,0.029474688693881035,0.02974284254014492,1.0096094608306885,0.0001035748136928305,0.2347467541694641,0.0,0.055801328271627426,289.22991943359375,0.2740854024887085,0.9789223074913025,0.9759584069252014,0.9996626973152161,5.176074504852295,0.05319404602050781,12.680027961730957,0.2091134488582611,8.757789611816406,0.07367431372404099,49.469852447509766,0.6005265712738037,7.321155548095703,0.07169775664806366,28.930944442749023,0.2612881064414978,0.5069838762283325,2.8888187408447266,0.5037730932235718,4.71515417098999,0.9255889058113098,0.173879012465477,0.9924982190132141,0.05038930103182793,0.029474705457687378,0.10363568365573883,0.02974284067749977,0.1044057309627533,1.009609341621399,0.8007028102874756,43.48437122323296,0.26206115,0.08264788,42.89282,0.08370853,0.3136552,0.14640869,0.6846416,0.13002576,0.3683011,2.838734,4.672302,0.20416765,0.1902124,0.031968147,0.032444123,1.0150875,0.00014241536,0.28000784,0.0,0.08545003,290.24933,0.4431312,0.966913,0.96074337,0.9920914,10.716017,0.08370853,25.627338,0.3136552,12.6265,0.14640869,87.42147,0.6846416,20.119123,0.13002576,30.457062,0.3683011,0.51252145,2.8570108,0.5085671,4.6754966,0.90601325,0.22067112,0.9722179,0.19585475,0.031968128,0.11099846,0.032444127,0.11227902,1.0150874,0.8027864
39,480.49237060546875,1.8903692960739136,1.6238514184951782,466.4776611328125,0.5010350942611694,0.5039268732070923,0.07113483548164368,0.7016217112541199,0.5449202060699463,0.4109467566013336,3.369399309158325,2.4733774662017822,0.2120986431837082,0.04703790321946144,0.29651448130607605,0.29695188999176025,1.0867117643356323,8.877841173671186e-05,1.9034138917922974,0.0,1.632642388343811,255.23056030273438,7.142757415771484,0.5501196384429932,0.37684011459350586,0.7519428133964539,68.42182922363281,0.5010350942611694,55.60292434692383,0.5039268732070923,3.029629945755005,0.07113483548164368,53.39779281616211,0.7016217112541199,60.90870666503906,0.5449202060699463,42.61110305786133,0.4109467566013336,0.5654296875,3.3810863494873047,0.6109582185745239,2.482848882675171,0.9000207185745239,0.22829730808734894,0.9910185933113098,0.05195948854088783,0.2965146601200104,0.4007968604564667,0.2969517707824707,0.40102043747901917,1.0867118835449219,0.8281309604644775,69.26003766872667,0.3517455,0.17937984,68.626625,0.119579166,0.34298778,0.14708167,0.74126947,0.16289079,0.39114028,2.8304052,4.5323405,0.22039674,0.15001446,0.15779036,0.15844971,1.0313997,0.00014426491,0.369493,0.0,0.18259236,291.2862,0.8487682,0.94157124,0.9222172,0.98673165,14.111476,0.119579166,28.244432,0.34298778,21.852327,0.14708167,90.445335,0.74126947,21.343184,0.16289079,48.020737,0.39114028,0.5176595,2.8484268,0.51562685,4.535938,0.9060743,0.23562948,0.9782715,0.15578367,0.15779054,0.1350149,0.15844978,0.1362619,1.0314006,0.80710137
40,32.27040481567383,0.21675235033035278,0.05557375028729439,31.837949752807617,0.05381791293621063,0.20537835359573364,0.09445963054895401,0.4792158305644989,0.08515284210443497,0.24244879186153412,2.838078498840332,4.694704532623291,0.1670503467321396,0.0609201081097126,0.034504011273384094,0.03473728522658348,1.0168629884719849,0.0001035748136928305,0.2350592315196991,0.0,0.059229861944913864,290.1923828125,0.2841660678386688,0.9781093597412109,0.974410891532898,0.9998109936714172,5.420180797576904,0.05381791293621063,12.439873695373535,0.20537835359573364,10.391999244689941,0.09445963054895401,47.56861877441406,0.4792158305644989,11.397428512573242,0.08515284210443497,23.242509841918945,0.24244879186153412,0.5084783434867859,2.856614828109741,0.5071614384651184,4.698541641235352,0.9344963431358337,0.1788862645626068,0.9892578125,0.065704345703125,0.03450402989983559,0.11528457701206207,0.034737274050712585,0.11582648754119873,1.0168628692626953,0.8034684062004089,98.68880944089456,0.4126973,0.2518555,98.06379,0.15792994,0.41141236,0.1127425,0.68597996,0.2283155,0.46568358,2.7532375,4.2501254,0.19738208,0.10082295,0.06448536,0.065255396,1.044283,0.00014056581,0.43041384,0.0,0.2556554,294.89258,1.3128339,0.91106164,0.8785706,0.9864251,16.17095,0.15792994,33.803043,0.41141236,16.457193,0.1127425,69.67089,0.68597996,25.005035,0.2283155,51.258698,0.46568358,0.5284701,2.7713048,0.52951145,4.25454,0.9164854,0.21200109,0.9846099,0.10649597,0.064485304,0.16018128,0.06525536,0.16161543,1.0442832,0.81179744
41,39.44328308105469,0.2232651263475418,0.055123958736658096,35.9343147277832,0.06124730408191681,0.26212120056152344,0.14980269968509674,0.5320863127708435,0.07910574227571487,0.3045160174369812,2.8544909954071045,4.688377380371094,0.30366870760917664,0.1828601211309433,0.03468754515051842,0.03483426943421364,1.0161458253860474,0.0001035748136928305,0.24146848917007446,0.0,0.05877866595983505,294.87945556640625,0.334186851978302,0.9745888113975525,0.9712552428245544,0.9993075728416443,7.299253940582275,0.06124730408191681,20.534160614013672,0.26212120056152344,48.309051513671875,0.14980269968509674,33.12874984741211,0.5320863127708435,8.532129287719727,0.07910574227571487,24.63869285583496,0.3045160174369812,0.5089222192764282,2.872913122177124,0.5032404065132141,4.692198276519775,0.9039121866226196,0.31799471378326416,0.9726858139038086,0.1879710704088211,0.03468754515051842,0.11246521025896072,0.034834254533052444,0.11322281509637833,1.0161455869674683,0.802217960357666,42.34701797501607,0.26026192,0.08094376,41.75493,0.07919167,0.28658652,0.18220991,0.61874175,0.12915361,0.33331916,2.8412,4.6648254,0.29195192,0.23602386,0.036709506,0.03727825,1.0203029,0.00014611447,0.27821672,0.0,0.08377371,290.2806,0.43405315,0.9677879,0.9620877,0.9955234,9.182689,0.07919167,21.588036,0.28658652,27.875391,0.18220991,105.019615,0.61874175,23.270468,0.12915361,27.433825,0.33331916,0.5124031,2.8594468,0.5091534,4.6680374,0.90353674,0.3065164,0.963943,0.24173833,0.03670953,0.117320955,0.037278228,0.11867182,1.0203035,0.80384356
